"code","subtype","type","src","title","price","location","size","measurement","suitability","details","room","bath","subtitle"
"ntr3","cfs","sale","[""https://hgvmdoevulnsfenaynow.supabase.co/storage/v1/object/public/properties/distress-apapa.png"",""https://hgvmdoevulnsfenaynow.supabase.co/storage/v1/object/public/properties/landacre.mp4""]","Distress Sale Apapa","₦ 1, 500, 000, 000","Apapa lagos","588.55","Sqm","[""office suites"",""retail outlet"",""mixed-use development""]",\N,\N,\N,\N
"tr2","lfs","sale","[""https://hgvmdoevulnsfenaynow.supabase.co/storage/v1/object/public/properties/4.25-Iju/acl4.jpg"",""https://hgvmdoevulnsfenaynow.supabase.co/storage/v1/object/public/properties/4.25-Iju/acl2.jpg"",""https://hgvmdoevulnsfenaynow.supabase.co/storage/v1/object/public/properties/4.25-Iju/acl3.jfif"",""https://hgvmdoevulnsfenaynow.supabase.co/storage/v1/object/public/properties/4.25-Iju/acl1.jfif""]","Distress sale, 4.25 acres of land facing the express","₦ 3, 500, 000, 000","iju road, iju","296","m","[""high-rise building"",""hospital"",""school"",""church"",""warehouse/showroom"",""mega filing station"",""recreational facility"",""event centre"",""factory""]",\N,\N,\N,\N
"tr11","cfs","sale","[""https://hgvmdoevulnsfenaynow.supabase.co/storage/v1/object/public/properties/greystone_tower/tw1.jpg"",""https://hgvmdoevulnsfenaynow.supabase.co/storage/v1/object/public/properties/greystone_tower/tw2.jpg"",""https://hgvmdoevulnsfenaynow.supabase.co/storage/v1/object/public/properties/greystone_tower/tw3.jpg"",""https://hgvmdoevulnsfenaynow.supabase.co/storage/v1/object/public/properties/greystone_tower/tw4.jpg"",""https://hgvmdoevulnsfenaynow.supabase.co/storage/v1/object/public/properties/greystone_tower/tw5.jpg"",""https://hgvmdoevulnsfenaynow.supabase.co/storage/v1/object/public/properties/greystone_tower/tw6.jpg"",""https://hgvmdoevulnsfenaynow.supabase.co/storage/v1/object/public/properties/greystone_tower/tw7.jpg"",""https://hgvmdoevulnsfenaynow.supabase.co/storage/v1/object/public/properties/greystone_tower/tw8.jpg"",""https://hgvmdoevulnsfenaynow.supabase.co/storage/v1/object/public/properties/greystone_tower/tw9.jpg"",""https://hgvmdoevulnsfenaynow.supabase.co/storage/v1/object/public/properties/greystone_tower/tw10.jpg"",""https://hgvmdoevulnsfenaynow.supabase.co/storage/v1/object/public/properties/greystone_tower/tw11.jpg"",""https://hgvmdoevulnsfenaynow.supabase.co/storage/v1/object/public/properties/greystone_tower/tw12.jpg"",""https://hgvmdoevulnsfenaynow.supabase.co/storage/v1/object/public/properties/greystone_tower/tw13.jpg""]","19 floors greystone tower available for sale","Contact Us","idowu taylor str, victoria island lagos","1200","sqm","[""mixed development"",""high-rise building"",""hospital"",""school"",""church"",""warehouse/showroom"",""filing station"",""event centre""]","[""floor : 19"",""floor 1 - 5 : car park"",""floor 17 : car park"",""endless swimming pools"",""3 bedroom luxury flats"",""floor 19 : sky lounge"",""offices : 416.52sqm""]",\N,\N,\N
"dtr1","afs","sale","[""https://hgvmdoevulnsfenaynow.supabase.co/storage/v1/object/public/properties/yellow-gate-residence/ygr1.jpg"",""https://hgvmdoevulnsfenaynow.supabase.co/storage/v1/object/public/properties/yellow-gate-residence/ygr2.jpg"",""https://hgvmdoevulnsfenaynow.supabase.co/storage/v1/object/public/properties/yellow-gate-residence/ygr3.jpg"",""https://hgvmdoevulnsfenaynow.supabase.co/storage/v1/object/public/properties/yellow-gate-residence/ygr4.jpg"",""https://hgvmdoevulnsfenaynow.supabase.co/storage/v1/object/public/properties/yellow-gate-residence/ygr5.jpg"",""https://hgvmdoevulnsfenaynow.supabase.co/storage/v1/object/public/properties/yellow-gate-residence/ygr6.jpg"",""https://hgvmdoevulnsfenaynow.supabase.co/storage/v1/object/public/properties/yellow-gate-residence/ygr7.jpg"",""https://hgvmdoevulnsfenaynow.supabase.co/storage/v1/object/public/properties/yellow-gate-residence/ygr8.jpg"",""https://hgvmdoevulnsfenaynow.supabase.co/storage/v1/object/public/properties/yellow-gate-residence/ygr9.jpg""]","3 units of 4 bedroom townhouse / terrance duplexes","₦ 360, 000, 000 per unit","the yellow gate residence, off freedom way, lekki phase 1 lagos",\N,\N,"[""high-rise building"",""family home"",""leisure"",""residental living"",""vacation home""]","[""rooftop gym"",""jacuzzi"",""exclusive lounge""]","4","4",\N
"dtr1","afs","sale","[""https://hgvmdoevulnsfenaynow.supabase.co/storage/v1/object/public/properties/yellow-gate-residence/ygr2.jpg"",""https://hgvmdoevulnsfenaynow.supabase.co/storage/v1/object/public/properties/yellow-gate-residence/ygr1.jpg"",""https://hgvmdoevulnsfenaynow.supabase.co/storage/v1/object/public/properties/yellow-gate-residence/ygr3.jpg"",""https://hgvmdoevulnsfenaynow.supabase.co/storage/v1/object/public/properties/yellow-gate-residence/ygr4.jpg"",""https://hgvmdoevulnsfenaynow.supabase.co/storage/v1/object/public/properties/yellow-gate-residence/ygr5.jpg"",""https://hgvmdoevulnsfenaynow.supabase.co/storage/v1/object/public/properties/yellow-gate-residence/ygr6.jpg"",""https://hgvmdoevulnsfenaynow.supabase.co/storage/v1/object/public/properties/yellow-gate-residence/ygr7.jpg"",""https://hgvmdoevulnsfenaynow.supabase.co/storage/v1/object/public/properties/yellow-gate-residence/ygr8.jpg"",""https://hgvmdoevulnsfenaynow.supabase.co/storage/v1/object/public/properties/yellow-gate-residence/ygr9.jpg""]","4 units of 3 bedroom flats + 1 bq","₦ 241, 000, 000 per unit","the yellow gate residence, off freedom way, lekki phase 1 lagos",\N,\N,"[""high-rise building"",""family home"",""leisure"",""residental living"",""vacation home""]","[""rooftop gym"",""jacuzzi"",""exclusive lounge""]","3","3",\N
"tr1","lfs","sale","[""https://hgvmdoevulnsfenaynow.supabase.co/storage/v1/object/public/properties/fence2.jpg""]","fenced and gated land for sale","₦ 4, 000, 000, 000","off ikorodu road, by ismail estate, maryland ikeja lagos","5,800","sqm",\N,"[""factories"",""warehouses"",""residential duplex"",""swimming pool"",""bungalow""]",\N,\N,\N
"tr4","lfs","sale","[""https://hgvmdoevulnsfenaynow.supabase.co/storage/v1/object/public/properties/land4.jpg""]","land for sale","₦ 170, 000, 000","sari iganmuu road, iganmu lagos","1, 651","sqm",\N,\N,\N,\N,\N
"A104","cfs","sale","[""https://hgvmdoevulnsfenaynow.supabase.co/storage/v1/object/public/properties/tankfarm.jpg""]","30km Tank Farm for Sale at Kiri Kiri","₦ 18, 000, 000, 000","Kiri Kiri","1","acres","[""storage"",""inventory managment"",""blending and processing"",""transportation and distribution"",""quality control "",""safety and environmental protection"",""regular compliance""]","[""4 loading bays"",""3 tanks"",""1 acres of land"",""title: C of O"",""AGO & DPK""]",\N,\N,\N
"A104","cfs","sale","[""https://hgvmdoevulnsfenaynow.supabase.co/storage/v1/object/public/properties/tank2.jpg""]","30km Tank Farm for Sale at Dockyard Apapa","₦ 20, 000, 000, 000","Dockyard Apapa","2.5","acres","[""storage"",""inventory managment"",""blending and processing"",""transportation and distribution"",""quality control "",""safety and environmental protection"",""regular compliance""]","[""6 loading bays"",""10 tanks"",""2.5 acres of land"",""title: C of O"",""AGO & DPK""]",\N,\N,\N
"A104","cfs","sale","[""https://hgvmdoevulnsfenaynow.supabase.co/storage/v1/object/public/properties/tank1.jpg""]","30km Tank Farm for Sale at Ibafon Apapa","₦ 20, 000, 000, 000","Ibafon Apapa","2.5","acres","[""storage"",""inventory managment"",""blending and processing"",""transportation and distribution"",""quality control "",""safety and environmental protection"",""regular compliance""]","[""6 loading bays"",""10 tanks"",""2.5 acres of land"",""title: C of O"",""AGO & DPK""]",\N,\N,\N
"A104","cfs","sale","[""https://hgvmdoevulnsfenaynow.supabase.co/storage/v1/object/public/properties/lake.jpg""]","Jetty for Sale at Apapa","₦ 19, 000, 000, 000","Creek Road Apapa","4.5","acres","[""storage"",""inventory managment"",""blending and processing"",""transportation and distribution"",""quality control "",""safety and environmental protection"",""regular compliance""]","[""4.5 acres of land"",""title: C of O""]",\N,\N,\N
"A106","lfs","sale","[""https://hgvmdoevulnsfenaynow.supabase.co/storage/v1/object/public/properties/badore.mp4""]","2,642 SQM Bareland at Badore Facing the Road, ajah lekki","₦ 500, 000, 000","Ajah Lekki","2,646","sqm","[""Block of flats"",""Duplexes or townhouses"",""Luxury villas"",""Retirement home"",""Petrol station"",""Shopping complex"",""Supermarket with parking"",""Office complex"",""Event center"",""Hotel"",""Serviced apartments"",""Co-working space"",""Warehouse"",""Hospital"",""Clinic"",""School"",""Religious center"",""Community center"",""Training center"",""Mixed-use building"",""Logistics hub""]","[""title: C of O""]",\N,\N,"[""Prime 2,646 sqm of land, gated and fenced, facing the express on the Badore Ajah road Lekki Lagos""]"
"A106","cfs","sale","[""https://hgvmdoevulnsfenaynow.supabase.co/storage/v1/object/public/properties/freedom-way.jpg""]","Commercial Property Located on Freedom Way Lekki Phase 1","₦ 1, 100, 000, 000","Lekki Phase 1","988","sqm","[""Private residence"",""Duplexes"",""Townhouses"",""Small block of flats"",""Small gated community"",""Petrol station"",""Fast food restaurant / drive-thru"",""Office building"",""Boutique hotel"",""Guesthouse"",""Event center"",""School"",""Clinic"",""Small hospital"",""Religious center"",""Community center"",""Supermarket"",""Mixed-use building""]","[""title: Governor's consent""]",\N,\N,"[""Land size: 988 sqm. 500sqm + 488 sqm (setback) facing Freedom Way Lekki phase 1""]"
"A103","lfs","sale","[""https://hgvmdoevulnsfenaynow.supabase.co/storage/v1/object/public/properties/bishop-oluwole.jpg""]","2000 SQM on Bishop Oluwole Road Victoria Island","₦ 2, 200, 000 per square","Victoria Island","2,000","sqm","[""Private residence"",""Duplexes"",""Townhouses"",""Small block of flats"",""Small gated community"",""Petrol station"",""Fast food restaurant / drive-thru"",""Office building"",""Boutique hotel"",""Guesthouse"",""Event center"",""School"",""Clinic"",""Small hospital"",""Religious center"",""Community center"",""Supermarket"",""Mixed-use building""]","[""title: C of O""]",\N,\N,"[""Prime 2,000 sqm on Bishop Oluwole road via Ahmadu Bello way VI, Lagos.""]"
"A106","lfs","sale","[""https://hgvmdoevulnsfenaynow.supabase.co/storage/v1/object/public/properties/lateef-jakande.jpg""]","2.247 hectres of mixed development land in ikeja","₦ 10, 300, 000, 000","Lateef Jakande Road, Ikeja","2,247","hectares","[""Private residence"",""Duplexes"",""Townhouses"",""Small block of flats"",""Small gated community"",""Petrol station"",""Fast food restaurant / drive-thru"",""Office building"",""Boutique hotel"",""Guesthouse"",""Event center"",""School"",""Clinic"",""Small hospital"",""Religious center"",""Community center"",""Supermarket"",""Mixed-use building""]","[""title: C of O""]",\N,\N,"[""Prime 2.247 Hectares of Land Suitable for Mixed Development purposes""]"
"A106","lfs","sale","[""https://hgvmdoevulnsfenaynow.supabase.co/storage/v1/object/public/properties/murtala-mohammed.mp4""]","30 Acres of Land at International Airport Road, Ajao Lagos","₦ 45, 000, 000, 000","Airport Road, Ajao Lagos","30","acres","[""Private residence"",""Duplexes"",""Townhouses"",""Small block of flats"",""Small gated community"",""Petrol station"",""Fast food restaurant / drive-thru"",""Office building"",""Boutique hotel"",""Guesthouse"",""Event center"",""School"",""Clinic"",""Small hospital"",""Religious center"",""Community center"",""Supermarket"",""Mixed-use building""]","[""title: C of O""]",\N,\N,"[""Prime 3 Acres of land along the Muritala Muhammed International airport, Lagos""]"
"A106","lfs","sale","[""https://hgvmdoevulnsfenaynow.supabase.co/storage/v1/object/public/properties/kudirat-abiola.jpg""]","6,000 sqm of land kudirat abiola way ikeja lagos","₦ 3, 200, 000, 000","Kudirat Abiola Way, Ikeja","6,000","sqm","[""Private residence"",""Duplexes"",""Townhouses"",""Small block of flats"",""Small gated community"",""Petrol station"",""Fast food restaurant / drive-thru"",""Office building"",""Boutique hotel"",""Guesthouse"",""Event center"",""School"",""Clinic"",""Small hospital"",""Religious center"",""Community center"",""Supermarket"",""Mixed-use building""]","[""title: C of O""]",\N,\N,"[""6000 SQM of Land Suitable for Mixed Development Purposes""]"
"A106","lfs","sale","[""https://hgvmdoevulnsfenaynow.supabase.co/storage/v1/object/public/properties/oniru-vi.mp4""]","4, 500 SQM of Land at Victoria Island, Lagos","₦ 4, 500, 000, 000","Oniru, Victoria Island","4,500","sqm","[""Private residence"",""Duplexes"",""Townhouses"",""Small block of flats"",""Small gated community"",""Petrol station"",""Fast food restaurant / drive-thru"",""Office building"",""Boutique hotel"",""Guesthouse"",""Event center"",""School"",""Clinic"",""Small hospital"",""Religious center"",""Community center"",""Supermarket"",""Mixed-use building""]","[""title: C of O""]",\N,\N,"[""4,500 sqm of bare land, fenced and gated on Water Corporation road, VI Oniru area in Lagos""]"
"A106","lfs","sale","[""https://hgvmdoevulnsfenaynow.supabase.co/storage/v1/object/public/properties/2-hectres.mp4""]","2 Hectres of Corner Piece Land in Victoria Island Lagos","₦ 43,000, 000, 000","Victoria Island Lagos","2","hectres","[""Private residence"",""Duplexes"",""Townhouses"",""Small block of flats"",""Small gated community"",""Petrol station"",""Fast food restaurant / drive-thru"",""Office building"",""Boutique hotel"",""Guesthouse"",""Event center"",""School"",""Clinic"",""Small hospital"",""Religious center"",""Community center"",""Supermarket"",""Mixed-use building""]","[""title: Governor's Consent""]",\N,\N,"[""Prime & Dual corner piece 2 Hectres of solid bareland, directly on Akin Adesola Road, Victoria Island, Lagos""]"
"A106","lfs","sale","[""https://hgvmdoevulnsfenaynow.supabase.co/storage/v1/object/public/properties/land4.jpg""]","3,000 SQM of Land Off Freedom Way Ikate, Lekki Lagos","₦ 2, 100, 000, 000","Ikate, Lekki Lagos","3,000","sqm","[""Private residence"",""Duplexes"",""Townhouses"",""Small block of flats"",""Small gated community"",""Petrol station"",""Fast food restaurant / drive-thru"",""Office building"",""Boutique hotel"",""Guesthouse"",""Event center"",""School"",""Clinic"",""Small hospital"",""Religious center"",""Community center"",""Supermarket"",""Mixed-use building""]","[""title: Deed of Assignment and C of O""]",\N,\N,\N
"A106","cfs","sale","[""https://hgvmdoevulnsfenaynow.supabase.co/storage/v1/object/public/properties/warehouse1.jpg""]","3 Bay Warehouse on 10,000 SQM of Land on Kudirat Abiola Way, Oregun, Ikeja Lagos","₦ 6, 500, 000, 000","Kudirat Abiola Way, Oregun, Ikeja Lagos","10,000","sqm","[""Logistics and distribution center"",""E-commerce fulfillment center"",""Cold storage and refrigeration facility"",""Food processing and packaging plant"",""Manufacturing and assembly operations"",""Import/export storage depot"",""Wholesale trading hub"",""Industrial equipment storage"",""Truck and fleet maintenance yard"",""Retail goods storage"",""Agricultural product storage"",""Automotive parts storage and dispatch"",""Furniture and building materials depot"",""Tech hardware distribution"",""Pharmaceutical storage and distribution"",""Data center"",""Beverage bottling and storage plant"",""Textile and garment production facility"",""Waste management and recycling plant"",""Oil and gas tools or pipeline equipment storage"",""Third-party logistics (3PL) facility"",""Event gear rental and storage"",""Airport or port support warehouse"",""Customs bonded warehouse"",""Construction materials hub""]","[""title: C of O""]",\N,\N,"[""Prime 10,000 sqm land with a 3 bay warehouse located along Kudirat Abiola Way, Oregun Ikeja, Lagos""]"
"A107","lfs","sale","[""https://hgvmdoevulnsfenaynow.supabase.co/storage/v1/object/public/properties/cornerpiece-yaba.mp4""]","3,615 SQM Corner Piece Land at Yaba Lagos","₦ 2, 000, 000, 000","Yaba Lagos","3,615","sqm","[""Private residence"",""Duplexes"",""Townhouses"",""Small block of flats"",""Small gated community"",""Petrol station"",""Fast food restaurant / drive-thru"",""Office building"",""Boutique hotel"",""Guesthouse"",""Event center"",""School"",""Clinic"",""Small hospital"",""Religious center"",""Community center"",""Supermarket"",""Mixed-use building""]","[""title: C of O""]",\N,\N,"[""Mixed developement corner peice, vacant land measuring 3,615 sqm on Edmond Crescent, Yaba Lagos""]"
"A106","lfs","sale","[""https://hgvmdoevulnsfenaynow.supabase.co/storage/v1/object/public/properties/vgc.mp4""]","2,100 SQM of land facing the express way at vgc, lekki","₦ 1, 6000, 000, 000","Yaba Lagos","2,100","sqm","[""Private residence"",""Duplexes"",""Townhouses"",""Small block of flats"",""Small gated community"",""Petrol station"",""Fast food restaurant / drive-thru"",""Office building"",""Boutique hotel"",""Guesthouse"",""Event center"",""School"",""Clinic"",""Small hospital"",""Religious center"",""Community center"",""Supermarket"",""Mixed-use building""]","[""title: Governor's Consent""]",\N,\N,"[""Prime 2,100 sqm beside VGC estate. The land is sand filled, fenced and gated""]"
"X102","lfs","sale","[""https://hgvmdoevulnsfenaynow.supabase.co/storage/v1/object/public/properties/prop-20.jpg""]","5 Plots Corner Piece Land at Agege Motor Road Mushin, Lagos","₦ 900, 000, 000","Mushin Lagos","5","plots","[""Private residence"",""Duplexes"",""Townhouses"",""Small block of flats"",""Petrol station"",""Fast food restaurant / drive-thru"",""Office building"",""Boutique hotel"",""Guesthouse"",""School"",""Clinic"",""Small hospital"",""Religious center"",""Supermarket"",""Mixed-use building""]","[""title: Deed of Assignment""]",\N,\N,"[""Mixed development corner piece land measuring 5 plots and bothering 3 streets, at Mushin Lagos""]"
"B101","lfs","sale","[""https://hgvmdoevulnsfenaynow.supabase.co/storage/v1/object/public/properties/4.25-Iju/acl1.jfif""]","Distress Sale Offer. 2 Plot at Greenland Estatee Ajah, Lagos","₦ 250, 000, 000","Ajah Lagos","2","plots","[""Private residence"",""home Office building"",""Boutique"",""Guesthouse"",""Small hospital"",""Religious center"",""Supermarket"",""Mixed-use building""]","[""title: Registered Conveyance""]",\N,\N,"[""2 Prime plots of residential land inside Greenland estate, just behind Royal Garden estate, Ajah Lagos""]"
"B101","cfs","sale","[""https://hgvmdoevulnsfenaynow.supabase.co/storage/v1/object/public/properties/storey.jpg""]","multi storey commercial complex at ikeja","₦ 12, 000, 000, 000","Allen Avenue Ikeja","6,000","sqm","[""office suites"",""retail outlet"",""mixed-use development""]","[""title: Registered Conveyance""]",\N,\N,"[""A 6 storey commercial complex with penthouse of over 6,000 sqm lettable space is available for sale on Allen Avenue""]"
"A106","lfs","sale","[""https://hgvmdoevulnsfenaynow.supabase.co/storage/v1/object/public/properties/oslo.mp4""]","Oslo Private Island Ikoyi, Lagos","₦ 300, 000, 000","ikoyi Lagos","600","sqm","[""Private vacation home"",""Luxury villa or beach house"",""Eco-friendly cabin or retreat"",""Tiny resort with 2–3 huts"",""Glamping site (luxury tents)"",""Mini nature reserve or sanctuary"",""Romantic getaway / honeymoon spot"",""Adventure tourism base"",""Yoga or wellness retreat"",""Artist or writer's residency"",""Fishing or snorkeling station"",""Private event venue"",""Floating restaurant or bar (if extended)"",""Lighthouse-style lookout point"",""Marine research outpost"",""Off-grid living experiment"",""Filming or photo shoot location"",""Boutique Airbnb rental""]","[""title: Deed of Assignment and C of O""]",\N,\N,"[""Prime, exclusive and prestigious private island directly behind Banana island Ikoyi, Lagos""]"
"A106","lfs","sale","[""https://hgvmdoevulnsfenaynow.supabase.co/storage/v1/object/public/properties/oslo.mp4""]","Oslo Private Island Ikoyi, Lagos","₦ 500, 000, 000","ikoyi Lagos","900","sqm","[""Private vacation home"",""Luxury villa or beach house"",""Eco-friendly cabin or retreat"",""Tiny resort with 2–3 huts"",""Glamping site (luxury tents)"",""Mini nature reserve or sanctuary"",""Romantic getaway / honeymoon spot"",""Adventure tourism base"",""Yoga or wellness retreat"",""Artist or writer's residency"",""Fishing or snorkeling station"",""Private event venue"",""Floating restaurant or bar (if extended)"",""Lighthouse-style lookout point"",""Marine research outpost"",""Off-grid living experiment"",""Filming or photo shoot location"",""Boutique Airbnb rental""]","[""title: Deed of Assignment and C of O""]",\N,\N,"[""Prime, exclusive and prestigious private island directly behind Banana island Ikoyi, Lagos""]"
"A106","lfs","sale","[""https://hgvmdoevulnsfenaynow.supabase.co/storage/v1/object/public/properties/oslo.mp4""]","Oslo Private Island Ikoyi, Lagos","₦ 2, 345, 000, 000","ikoyi Lagos","2800","sqm","[""Private vacation home"",""Luxury villa or beach house"",""Eco-friendly cabin or retreat"",""Tiny resort with 2–3 huts"",""Glamping site (luxury tents)"",""Mini nature reserve or sanctuary"",""Romantic getaway / honeymoon spot"",""Adventure tourism base"",""Yoga or wellness retreat"",""Artist or writer's residency"",""Fishing or snorkeling station"",""Private event venue"",""Floating restaurant or bar (if extended)"",""Lighthouse-style lookout point"",""Marine research outpost"",""Off-grid living experiment"",""Filming or photo shoot location"",""Boutique Airbnb rental""]","[""title: Deed of Assignment and C of O""]",\N,\N,"[""Prime, exclusive and prestigious private island directly behind Banana island Ikoyi, Lagos""]"
"A108","lfs","sale","[""https://hgvmdoevulnsfenaynow.supabase.co/storage/v1/object/public/properties/land1.jpg""]","90,000 bareland beside cowrie creek estate lekki, Lagos","₦ 650,000/sqm","lekki Lagos","90,000","sqm","[""Industrial estate"",""Large housing estate or residential community"",""Tech park or innovation hub"",""University or tertiary institution campus"",""Hospital complex"",""Event village or expo center"",""Theme park or amusement park"",""Golf course"",""Sports complex or stadium"",""Airstrip or helipad base"",""Logistics park"",""Tank farm"",""Solar farm"",""Agricultural farm or plantation"",""Resort and hotel development"",""Gated luxury villa estate"",""Film village or creative city"",""Automobile assembly plant"",""Oil & gas depot"",""Port support facility"",""Government facility or training center"",""Data center cluster"",""Smart city pilot development"",""Construction materials market"",""Cemetery or memorial park""]","[""title: Governor's consent""]",\N,\N,"[""Prime 90,000 Sqm of land on spar road, Lekki. Owner willing to sell a minimum of 10,000 sqm""]"
"A108","lfs","sale","[""https://hgvmdoevulnsfenaynow.supabase.co/storage/v1/object/public/properties/land2.jpg""]","3 plots of land on kusela road ikate lekki, Lagos","₦ 1,500,000,000","lekki Lagos","3","plots","[""Private vacation home"",""Luxury villa or beach house"",""Eco-friendly cabin or retreat"",""Tiny resort with 2–3 huts"",""Glamping site (luxury tents)"",""Mini nature reserve or sanctuary"",""Romantic getaway / honeymoon spot"",""Adventure tourism base"",""Yoga or wellness retreat"",""Artist or writer's residency"",""Fishing or snorkeling station"",""Private event venue"",""Floating restaurant or bar (if extended)"",""Lighthouse-style lookout point"",""Marine research outpost"",""Off-grid living experiment"",""Filming or photo shoot location"",""Boutique Airbnb rental""]","[""title: C of O and Deed of Assignment""]",\N,\N,"[""3 plots of land by Lemoria Estate, Kusela road, Lekki. Owner willing to sell a single unit per plot.""]"
"A108","lfs","sale","[""https://hgvmdoevulnsfenaynow.supabase.co/storage/v1/object/public/properties/land3.jpg""]","8,500 sqm of land on remi olowude street, lekki Lagos","₦ 1, 200, 000/sqm","lekki Lagos","8,500","sqm","[""Private vacation home"",""Luxury villa or beach house"",""Eco-friendly cabin or retreat"",""Tiny resort with 2–3 huts"",""Glamping site (luxury tents)"",""Mini nature reserve or sanctuary"",""Romantic getaway / honeymoon spot"",""Adventure tourism base"",""Yoga or wellness retreat"",""Artist or writer's residency"",""Fishing or snorkeling station"",""Private event venue"",""Floating restaurant or bar (if extended)"",""Lighthouse-style lookout point"",""Marine research outpost"",""Off-grid living experiment"",""Filming or photo shoot location"",""Boutique Airbnb rental""]","[""title: C of O""]",\N,\N,"[""8,500 Sqm of land on Remi Olowude Street, Lekki. Owner willing to sell as a single unit or can be split into two plots of 6,100 Sqm and 2,400 Sqm""]"
"A108","lfs","sale","[""https://hgvmdoevulnsfenaynow.supabase.co/storage/v1/object/public/properties/land4.jpg""]","2,800 sqm corner piece facing the express at ilasan, lekki Lagos","₦ 2, 380, 000, 000","lekki Lagos","2,800","sqm","[""Private vacation home"",""Luxury villa or beach house"",""Eco-friendly cabin or retreat"",""Tiny resort with 2–3 huts"",""Glamping site (luxury tents)"",""Mini nature reserve or sanctuary"",""Romantic getaway / honeymoon spot"",""Adventure tourism base"",""Yoga or wellness retreat"",""Artist or writer's residency"",""Fishing or snorkeling station"",""Private event venue"",""Floating restaurant or bar (if extended)"",""Lighthouse-style lookout point"",""Marine research outpost"",""Off-grid living experiment"",""Filming or photo shoot location"",""Boutique Airbnb rental""]","[""title: Governor's consent""]",\N,\N,"[""2,800 sqm Corner Piece land facing the express after Blanco super market, ilasan Lekki.""]"
"A108","lfs","sale","[""https://hgvmdoevulnsfenaynow.supabase.co/storage/v1/object/public/properties/land1.jpg""]","2,700 sqm facing the express at ilasan, lekki Lagos","₦ 2, 295, 000, 000","lekki Lagos","2,700","sqm","[""Private vacation home"",""Luxury villa or beach house"",""Eco-friendly cabin or retreat"",""Tiny resort with 2–3 huts"",""Glamping site (luxury tents)"",""Mini nature reserve or sanctuary"",""Romantic getaway / honeymoon spot"",""Adventure tourism base"",""Yoga or wellness retreat"",""Artist or writer's residency"",""Fishing or snorkeling station"",""Private event venue"",""Floating restaurant or bar (if extended)"",""Lighthouse-style lookout point"",""Marine research outpost"",""Off-grid living experiment"",""Filming or photo shoot location"",""Boutique Airbnb rental""]","[""title: Governor's consent""]",\N,\N,"[""2,700 sqm the express after Blanco super market, ilasan Lekki.""]"
"A108","lfs","sale","[""https://hgvmdoevulnsfenaynow.supabase.co/storage/v1/object/public/properties/land2.jpg""]","6,298 sqm commercial plot facing the road ilasan, lekki Lagos","₦ 300, 000, 000","lekki Lagos","6298","sqm","[""Private vacation home"",""Luxury villa or beach house"",""Eco-friendly cabin or retreat"",""Tiny resort with 2–3 huts"",""Glamping site (luxury tents)"",""Mini nature reserve or sanctuary"",""Romantic getaway / honeymoon spot"",""Adventure tourism base"",""Yoga or wellness retreat"",""Artist or writer's residency"",""Fishing or snorkeling station"",""Private event venue"",""Floating restaurant or bar (if extended)"",""Lighthouse-style lookout point"",""Marine research outpost"",""Off-grid living experiment"",""Filming or photo shoot location"",""Boutique Airbnb rental""]","[""title: Governor's consent""]",\N,\N,"[""6,298 sqm commercial plot facing the road (old Silverbird Road), ilasan Lekki.""]"
"A109","afs","sale","[""https://hgvmdoevulnsfenaynow.supabase.co/storage/v1/object/public/properties/yaba-a109/a1.jpg"",""https://hgvmdoevulnsfenaynow.supabase.co/storage/v1/object/public/properties/yaba-a109/a2.jpg"",""https://hgvmdoevulnsfenaynow.supabase.co/storage/v1/object/public/properties/yaba-a109/a3.jpg"",""https://hgvmdoevulnsfenaynow.supabase.co/storage/v1/object/public/properties/yaba-a109/a4.jpg"",""https://hgvmdoevulnsfenaynow.supabase.co/storage/v1/object/public/properties/yaba-a109/a5.jpg"",""https://hgvmdoevulnsfenaynow.supabase.co/storage/v1/object/public/properties/yaba-a109/a6.jpg"",""https://hgvmdoevulnsfenaynow.supabase.co/storage/v1/object/public/properties/yaba-a109/a7.jpg"",""https://hgvmdoevulnsfenaynow.supabase.co/storage/v1/object/public/properties/yaba-a109/a8.jpg""]","3 bedroom apartmenet with bg yaba Lagos","₦ 140, 000, 000","yaba Lagos",\N,\N,"[""Starter home for singles or young couples"",""Bachelor pad"",""Temporary accommodation"",""Short-term rental like Airbnb"",""Staff quarters"",""Guest house""]","[""title: Governor's consent""]","3","3","[""serviced 3 bedroom apartment with one room bq yaba. (Two unit available but tenanted)""]"
"A110","afs","sale","[""https://hgvmdoevulnsfenaynow.supabase.co/storage/v1/object/public/properties/banana-ikoyi.mp4""]","3 bedroom apartment with bq at banana island Lagos","₦ 900, 000, 000","banana island, ikoyi Lagos",\N,\N,"[""Starter home for singles or young couples"",""Bachelor pad"",""Temporary accommodation"",""Short-term rental like Airbnb"",""Staff quarters"",""Guest house""]","[""title: C of O"",""top floor"",""GYM"",""swimming pool"",""tennis"",""24/7 electricity""]","3","3","[""water front, serviced, luxury 3 bedroom apartment with one room bq at Banana Island (five unit available)""]"
"A111","hfs","sale","[""https://hgvmdoevulnsfenaynow.supabase.co/storage/v1/object/public/properties/idado-estate/idado1.jpg"",""https://hgvmdoevulnsfenaynow.supabase.co/storage/v1/object/public/properties/idado-estate/idado2.jpg"",""https://hgvmdoevulnsfenaynow.supabase.co/storage/v1/object/public/properties/idado-estate/idado3.jpg"",""https://hgvmdoevulnsfenaynow.supabase.co/storage/v1/object/public/properties/idado-estate/idado4.jpg"",""https://hgvmdoevulnsfenaynow.supabase.co/storage/v1/object/public/properties/idado-estate/idado5.jpg"",""https://hgvmdoevulnsfenaynow.supabase.co/storage/v1/object/public/properties/idado-estate/idado6.jpg"",""https://hgvmdoevulnsfenaynow.supabase.co/storage/v1/object/public/properties/idado-estate/idado7.jpg"",""https://hgvmdoevulnsfenaynow.supabase.co/storage/v1/object/public/properties/idado-estate/idado8.jpg""]","4 bedroom semi-detached with bq at idado estate, lekki Lagos","₦ 150, 000, 000","Oba Amusa str, Idado estate, lekki Lagos",\N,\N,"[""Starter home for singles or young couples"",""Bachelor pad"",""Temporary accommodation"",""Short-term rental like Airbnb"",""Staff quarters"",""Guest house""]","[""title: C of O""]","4","4","[""a nicely furnished luxury 4-bedroom house for sale at idado estate""]"
"A111","hfs","sale","[""https://hgvmdoevulnsfenaynow.supabase.co/storage/v1/object/public/properties/masionette.mp4""]","multiple units 4 bedroom maisonnette + bq at banana island ikoyi","₦ 2, 000, 000, 000","ikoyi Lagos",\N,\N,"[""Starter home for singles or young couples"",""Bachelor pad"",""Temporary accommodation"",""Short-term rental like Airbnb"",""Staff quarters"",""Guest house""]","[""title: C of O""]","4","4","[""11 units of 4-bedroom luxuriously finished maisonettes with a bq at banana island ikoyi.""]"
"A111","cfs","sale","[""https://hgvmdoevulnsfenaynow.supabase.co/storage/v1/object/public/properties/4star.mp4""]","4 star hotel at vi lagos","₦ 6, 500, 000, 000","victoria Lagos","4,000","sqm","[""Temporary accommodation"",""Short-term rental like Airbnb"",""Hosipitality Services"",""Guest house""]","[""title: Governor's consent""]",\N,\N,"[""a massive and well furnished hotel composition of 45 rooms apartment (in total of 64 massive rooms) with a swimming pool and gynamsium and fantastic kitchen and bar alongside enough car park""]"
"A111","lfs","sale","[""https://hgvmdoevulnsfenaynow.supabase.co/storage/v1/object/public/properties/mixd.mp4""]","12,000 sqm mixed development plot lekki phase 1 lagos","₦ 18, 000, 000, 000","admiralty way lekki phase 1 Lagos","12,000","sqm","[""Housing estate"",""Block of flats or apartment complex"",""Luxury residential development"",""Shopping mall or retail complex"",""Industrial park"",""Warehouse and logistics hub"",""Petrol station with truck park"",""Hospital or medical facility"",""Private university or school campus"",""Hotel and resort"",""Event and conference center"",""Sports complex or mini stadium"",""Tank farm (medium scale)"",""Manufacturing or assembly plant"",""Car dealership and service center"",""Construction equipment yard"",""Gated retirement community"",""Religious center or camp"",""Government office complex"",""Film village or studio lot"",""Agricultural farm or greenhouse estate"",""Data center"",""Mixed-use development (residential + commercial)""]","[""title: C of O""]",\N,\N,"[""12,780 sqm mixed development property on admiralty way lekki phase 1""]"
"A111","lfs","sale","[""https://hgvmdoevulnsfenaynow.supabase.co/storage/v1/object/public/properties/cowrie.mp4""]","800 sqm cowrie creek estate lekki lagos","₦ 800, 000, 000","lekki Lagos","800","sqm","[""Private residential home"",""Two duplexes"",""4–6 townhouses"",""Mini block of flats"",""Petrol station"",""Fast food outlet or restaurant"",""Supermarket or retail store"",""Office building (low-rise)"",""Clinic or small hospital"",""School (nursery or primary)"",""Religious center"",""Boutique hotel or guesthouse"",""Event space or hall"",""Warehouse or storage facility"",""Workshop or service center"",""Car wash and detailing center"",""Short-let apartments"",""Mixed-use building (shops + apartments)"",""Salon or spa facility"",""Training or tutoring center""]","[""title: C of O""]",\N,\N,"[""800 sqm at cowrie creek estate, spar road lekki""]"
"ntr3","lfs","sale","[""https://hgvmdoevulnsfenaynow.supabase.co/storage/v1/object/public/properties/governors_consent/gs1.jpg"",""https://hgvmdoevulnsfenaynow.supabase.co/storage/v1/object/public/properties/governors_consent/gs2.jpg"",""https://hgvmdoevulnsfenaynow.supabase.co/storage/v1/object/public/properties/governors_consent/gs3.jpg""]","governor's consent, deed of assignment","₦ 5, 500, 000, 000","maryland lagos","7,500","sqm","[""high-rise building"",""hospital"",""school"",""church"",""warehouse/showroom"",""mega filing station"",""recreational facility"",""event centre"",""factory""]",\N,\N,\N,\N
"X103","cfs","sale","[""https://hgvmdoevulnsfenaynow.supabase.co/storage/v1/object/public/properties/city.jpg""]","1,350 SQM mixed development plot at vi, Lagos","2,500,000,000","Victoria Island Lagos","6,292","sqm","[""Private residence"",""Office building"",""Boutique"",""Guesthouse"",""Small hospital"",""Religious center"",""Supermarket"",""Mixed-use building""]","[""title: C of O""]",\N,\N,"[""1,350 sqm mixed development plot with a block of flat, 8 units of 3 bedroom structure off Akin Adesola, Victoria Island, Lagos.""]"
"A104","cfs","sale","[""https://hgvmdoevulnsfenaynow.supabase.co/storage/v1/object/public/properties/city.jpg""]","3.5 acres, water front of land at apapa, lagos","6,000,000,000","Creek road, Apapa Lagos","3.5","acres","[""Office building"",""Boutique"",""Small hospital"",""Supermarket"",""Mixed-use building""]","[""title: C of O""]",\N,\N,"[""Water front land with office complex, warehouse on 3.5 acres of land at CREEK road, Apapa + Jetty town front""]"
"A104","cfs","sale","[""https://hgvmdoevulnsfenaynow.supabase.co/storage/v1/object/public/properties/ozumba.mp4""]","17,000 sqm water front land at lekki phase 1, lagos","16,500,000,000","Lekki Phase 1 Lagos","17,000","sqm","[""Private residence"",""Office building"",""Boutique"",""Guesthouse"",""Small hospital"",""Religious center"",""Supermarket"",""Mixed-use building""]","[""title: C of O""]",\N,\N,"[""17,000 sqm water front land off Admiralty way overlooking Ozumba Nbadiwe and queens drive by toll gate Lekki with Access to Ozumba Nbadiwe Victoria Island.""]"
"B102","lfs","sale","[""https://hgvmdoevulnsfenaynow.supabase.co/storage/v1/object/public/properties/land2.jpg""]","1,000 sqm at church avenue, mile 12 lagos","80,000,000","Mile 12, Kosofe, off Ikorodu road, Lagos.","1,000","sqm","[""Private residence"",""Office building"",""Boutique"",""Guesthouse"",""Small hospital"",""Religious center"",""Supermarket"",""Mixed-use building""]","[""title: Receipt and Survey""]",\N,\N,"[""Demolished block of flats plus shops at Church Avenue near mile 12, Kosofe, off Ikorodu road, Lagos.""]"
"B102","lfs","sale","[""https://hgvmdoevulnsfenaynow.supabase.co/storage/v1/object/public/properties/land3.jpg""]","1,000 sqm at ikeja gra, lagos","900,000,000","Off Oba Akinjobi str Ikeja, Lagos.","1,000","sqm","[""Private residence"",""Office building"",""Boutique"",""Guesthouse"",""Small hospital"",""Religious center"",""Supermarket"",""Mixed-use building""]","[""title: Free hold""]",\N,\N,\N
"B102","lfs","sale","[""https://hgvmdoevulnsfenaynow.supabase.co/storage/v1/object/public/properties/idiroko.mp4""]","2,800 sqm at maryland, lagos","900,000,000","2,814 sqm at Ismael estate, Idiroko Maryland.","2,814","sqm","[""Private residence"",""Office building"",""Boutique"",""Guesthouse"",""Small hospital"",""Religious center"",""Supermarket"",""Mixed-use building""]","[""title: Governor's Consent""]",\N,\N,\N
"A112","lfs","sale","[""https://hgvmdoevulnsfenaynow.supabase.co/storage/v1/object/public/properties/land4.jpg""]","900 sqm at Lekki Phase 1, lagos","1, 300,000,000","Lekki Phase 1","979.483","sqm","[""Private residence"",""Office building"",""Boutique"",""Guesthouse"",""block of flats"",""hotel""]","[""title: C of O""]",\N,\N,"[""There is a 979.483 sqm on Ben Okagbue str, Lekki Phase 1. It has a demolishable structure but this is better suited for a hotel, block of flats and more residential type of living""]"
"A112","cfs","sale","[""https://hgvmdoevulnsfenaynow.supabase.co/storage/v1/object/public/properties/akran.mp4""]","warehouse sitting on 4,000 sqm of land at ikeja, lagos","2, 200,000,000","Ikeja Lagos","4,000","sqm","[""Logistics and distribution center"",""E-commerce fulfillment center"",""Cold storage and refrigeration facility"",""Food processing and packaging plant"",""Manufacturing and assembly operations"",""Import/export storage depot"",""Wholesale trading hub"",""Industrial equipment storage"",""Truck and fleet maintenance yard"",""Retail goods storage"",""Agricultural product storage"",""Automotive parts storage and dispatch"",""Furniture and building materials depot"",""Tech hardware distribution"",""Pharmaceutical storage and distribution"",""Data center"",""Beverage bottling and storage plant"",""Textile and garment production facility"",""Waste management and recycling plant"",""Oil and gas tools or pipeline equipment storage"",""Third-party logistics (3PL) facility"",""Event gear rental and storage"",""Customs bonded warehouse"",""Construction materials hub""]","[""title: C of O""]",\N,\N,"[""Warehouse measuring 3,200 sqm sitting on 4,000 sqm land, situated within the industrial area, off Oba Akran Avenue Ikeja Lagos.""]"
"A111","afs","sale","[""https://hgvmdoevulnsfenaynow.supabase.co/storage/v1/object/public/properties/adesola.mp4""]","A block of 8 unit vacant 3 bedroom flat + bq at vi","2, 000,000,000","Victoria Island, Lagos",\N,\N,"[""Private residence"",""Guesthouse"",""Starter home for singles or young couples"",""Bachelor pad"",""Temporary accommodation"",""Short-term rental like Airbnb"",""Staff quarters""]","[""title: C of O""]","3","3","[""A block of 8 unit vacant 3 bedroom apartments with bq and adequate parking for over 30 cars with swimming pool, gym and children palay area off Akin Adesola sitting on 1400 sqm land.""]"
"A111","afs","sale","[""https://hgvmdoevulnsfenaynow.supabase.co/storage/v1/object/public/properties/survelliance.mp4""]","furnished one bedroom apartment at oniru vi","170,000,000","Oniru Victoria Island, Lagos",\N,\N,"[""Private residence"",""Guesthouse"",""Starter home for singles or young couples"",""Bachelor pad"",""Temporary accommodation"",""Short-term rental like Airbnb""]","[""Governor's Consent"",""Generously sized living area"",""Mordern fully fitten kitchen with premium appliances"",""24/7 electricity and security"",""CCTV survelliance"",""access to elevator and clean swimming pool"",""peaceful and well maintained enviroment"",""prime location in a hightly desirable neighbourhood""]","1","1","[""Experience comfort aned convenience in this beautifully furnished 1 bedroom apartment located in a serene and secure neighbourhood.""]"
"A114","lfs","sale","[""https://hgvmdoevulnsfenaynow.supabase.co/storage/v1/object/public/properties/monastery.mp4""]","2 hectres of land at monastery road, lekki lagos","41,000,000 per plot","Lekki Lagos","2","hectres","[""Private residence"",""Office building"",""Boutique"",""Guesthouse"",""block of flats"",""hotel""]","[""title: C of O""]",\N,\N,"[""2 hectres of land at Ajayi Apata Sangotedo off Monastery Lekki""]"
"X102","lfs","sale","[""https://hgvmdoevulnsfenaynow.supabase.co/storage/v1/object/public/properties/norman.mp4""]","400 sqm mixed development plot at ikoyi lagos","500,000,000","Ikoyi Lagos","400","sqm","[""Private residence"",""Office building"",""Boutique"",""Guesthouse"",""block of flats"",""hotel""]","[""title: Land Certificate""]",\N,\N,"[""400 sqm mixed development plot on Norman Williams Street, Ikoyi Lagos.""]"
"X102","lfs","sale","[""https://hgvmdoevulnsfenaynow.supabase.co/storage/v1/object/public/properties/oyebanjo.mp4""]","4 plots of mixed developments land at Ketu Alapere Lagos","160,000,000","Ketu Alapere Lagos","4","plots","[""Private residence"",""Office building"",""Boutique"",""Guesthouse"",""block of flats"",""hotel""]","[""title: C of O""]",\N,\N,"[""4 plots of land availabe off Oyebanjo str, Alapere Ketu, Lagos.""]"
"X102","hfs","sale","[""https://hgvmdoevulnsfenaynow.supabase.co/storage/v1/object/public/properties/magodo.mp4""]","4 bedroom semi detached house + bq at magodo phase 2 Lagos","280,000,000","Magodo Phase 2 Lagos",\N,\N,"[""Private residence"",""Guesthouse"",""Starter home for singles or young couples"",""Bachelor pad"",""Temporary accommodation"",""Short-term rental like Airbnb""]","[""title: C of O""]","4","4","[""4 bedroom detached duplex + BQ stylish interior, fitted kitchen, private BQ, located in a serene, gated estate crafted for refined living.""]"
"X102","hfs","sale","[""https://hgvmdoevulnsfenaynow.supabase.co/storage/v1/object/public/properties/magodo2.mp4""]","4 bedroom semi detached house + bq at magodo phase 2 Lagos","350,000,000","Magodo Phase 2 Lagos",\N,\N,"[""Private residence"",""Guesthouse"",""Starter home for singles or young couples"",""Bachelor pad"",""Temporary accommodation"",""Short-term rental like Airbnb""]","[""title: C of O""]","4","4","[""Step into elegance with this exquisite designed home in the heart of Magodo Phase 2, Shangisha. Built with attention to detail and modern sophistication. This property offers: Expansive open concept kitchen with premium fittings, Bright airy living and dining areas, high quality finishes and superior craftsmanship, private en-suite BQ. Located in a serene, fully secure estate.""]"
"A116","hfs","sale","[""https://hgvmdoevulnsfenaynow.supabase.co/storage/v1/object/public/properties/annex/annex1.jpg"",""https://hgvmdoevulnsfenaynow.supabase.co/storage/v1/object/public/properties/annex/annex2.jpg"",""https://hgvmdoevulnsfenaynow.supabase.co/storage/v1/object/public/properties/annex/annex3.jpg"",""https://hgvmdoevulnsfenaynow.supabase.co/storage/v1/object/public/properties/annex/annex4.jpg"",""https://hgvmdoevulnsfenaynow.supabase.co/storage/v1/object/public/properties/annex/annex5.jpg"",""https://hgvmdoevulnsfenaynow.supabase.co/storage/v1/object/public/properties/annex/annex6.jpg"",""https://hgvmdoevulnsfenaynow.supabase.co/storage/v1/object/public/properties/annex/annex7.jpg"",""https://hgvmdoevulnsfenaynow.supabase.co/storage/v1/object/public/properties/annex/annex8.jpg"",""https://hgvmdoevulnsfenaynow.supabase.co/storage/v1/object/public/properties/annex/annex9.jpg"",""https://hgvmdoevulnsfenaynow.supabase.co/storage/v1/object/public/properties/annex/annex10.jpg""]","4 bedroom + 2 bedroom wing duplex at ajah lekki, Lagos","255,000,000","Ajah lekki Lagos",\N,\N,"[""Private residence"",""Guesthouse"",""Starter home for singles or young couples"",""Bachelor pad"",""Temporary accommodation"",""Short-term rental like Airbnb""]","[""title: Governor's Consent"",""Smart door entry"",""fully fitten kitchen with fridge, freezer, microwave, washing machine & pantry"",""sensor staircase and garden lights"",""POP ceilings"",""water heateer"",""heat extractor"",""ample parking space"",""boy's quarter""]","4","4","[""Discover refined living in this beautifully finished 2-wing detached duplex, featuring:"",""Main House: 4 spacious ensuite bedrooms"",""Annexe: 2-bedroom wing - ideal for guests or rental income"",""located in a secured gated enviroment"",""This is a perfect blend of comfort, income potential, and modern style - ideal for homeowners and investors alike.""]"
"A116","lfs","sale","[""https://hgvmdoevulnsfenaynow.supabase.co/storage/v1/object/public/properties/land1.jpg""]","25,840 sqm of prime land for sale at logic palm road, abijo lagos","1,670,000,000","Ibeju Lekki Lagos","25,840","sqm","[""Private residence"",""Office building"",""Boutique"",""Guesthouse"",""block of flats"",""hotel""]","[""title: Governor's Consent""]",\N,\N,"[""An exceptional opportunity to acquire a strategically located parcel of land behind the NNPC filling station, along Logic Palm road at Abijo avaialable for sale as a whole or in two separate percels."",""details:"",""Parcel A: 11,232 sqm (approx. 19 plots) - N940 Million"",""Parcel B: 14,608 sqm (approx.24 plots) - N730 Million"",""Total (Both Parcel): 25,840 sqm (approx. 43 plots) - N1.67 Million"",""This property is ideal for residential estate development, commericial projects, or long-term investment in a fast-growing corridor in Ibeju Lekki""]"
"A116","lfs","sale","[""https://hgvmdoevulnsfenaynow.supabase.co/storage/v1/object/public/properties/luxury.mp4""]","2,250 sqm gated land at lekki phase 1 lagos","2,500,000,000","Lekki Phase 1 Lagos","25,840","sqm","[""Private residence"",""Office building"",""Boutique"",""Guesthouse"",""block of flats"",""hotel""]","[""title: C of O""]",\N,\N,"[""An empty securely gated plot measuring 2,250 sqm in a prime location is now available for outright sale."",""Ideal for luxury development or investments""]"
"A103","ls","rent","[""https://hgvmdoevulnsfenaynow.supabase.co/storage/v1/object/public/properties/miniflat-longlease.jpg""]","2 bedroom apartment for long lease at yaba","₦ 60, 000, 000","Sabo Yaba lagos",\N,\N,"[""Starter home for singles or young couples"",""Bachelor pad"",""Temporary accommodation"",""Short-term rental like Airbnb"",""Staff quarters"",""Guest house""]","[""Agency: 5%"",""Legal: 5%"",""Tenure: 20 years""]","2","2","[""Multiple Units of 2 Bedroom Apartment Avaliable for Long Lease""]"
"A103","ls","rent","[""https://hgvmdoevulnsfenaynow.supabase.co/storage/v1/object/public/properties/miniflat-longlease.jpg""]","1 bedroom apartment for long lease at yaba","₦ 40, 000, 000","Sabo Yaba lagos",\N,\N,"[""Long-term residence for small families"",""Shared apartment for roommates"",""Starter home for new families"",""Rental investment property"",""Home office setup"",""Airbnb for families or small groups""]","[""Agency: 5%"",""Legal: 5%"",""Tenure: 20 years""]","1","1","[""Multiple Units of 1 Bedroom Apartment Avaliable for Lease""]"
"D101","afl","rent","[""https://hgvmdoevulnsfenaynow.supabase.co/storage/v1/object/public/properties/yellow-gate-residence/ygr1.jpg"",""https://hgvmdoevulnsfenaynow.supabase.co/storage/v1/object/public/properties/yellow-gate-residence/ygr10.jpg"",""https://hgvmdoevulnsfenaynow.supabase.co/storage/v1/object/public/properties/yellow-gate-residence/ygr11.jpg"",""https://hgvmdoevulnsfenaynow.supabase.co/storage/v1/object/public/properties/yellow-gate-residence/ygr12.jpg"",""https://hgvmdoevulnsfenaynow.supabase.co/storage/v1/object/public/properties/yellow-gate-residence/ygr13.jpg""]","1 Bedroom Flat at Lekki Phase 1","₦ 9, 000, 000","Lekki Phase 1",\N,\N,"[""Starter home for singles or young couples"",""Bachelor pad"",""Temporary accommodation"",""Short-term rental like Airbnb"",""Staff quarters"",""Guest house""]","[""agency: 10%"",""legal: 10%"",""caution: 10%"",""service charge: 1.2m"",""3 bedroom luxury flats"",""electricity 24/7""]","1","1",\N
"D101","afl","rent","[""https://hgvmdoevulnsfenaynow.supabase.co/storage/v1/object/public/properties/yellow-gate-residence/ygr2.jpg"",""https://hgvmdoevulnsfenaynow.supabase.co/storage/v1/object/public/properties/yellow-gate-residence/ygr10.jpg"",""https://hgvmdoevulnsfenaynow.supabase.co/storage/v1/object/public/properties/yellow-gate-residence/ygr11.jpg"",""https://hgvmdoevulnsfenaynow.supabase.co/storage/v1/object/public/properties/yellow-gate-residence/ygr12.jpg"",""https://hgvmdoevulnsfenaynow.supabase.co/storage/v1/object/public/properties/yellow-gate-residence/ygr13.jpg""]","3 Bedroom Flat at Lekki Phase 1 (Mini Estate)","₦ 12, 000, 000","Lekki Phase 1",\N,\N,"[""Long-term residence for small families"",""Shared apartment for roommates"",""Starter home for new families"",""Rental investment property"",""Home office setup"",""Airbnb for families or small groups""]","[""agency: 10%"",""legal: 10%"",""caution: 10%"",""service charge: 1.8m"",""3 bedroom luxury flats"",""electricity 24/7""]","3","3",\N
"D101","afl","rent","[""https://hgvmdoevulnsfenaynow.supabase.co/storage/v1/object/public/properties/yellow-gate-residence/ygr8.jpg"",""https://hgvmdoevulnsfenaynow.supabase.co/storage/v1/object/public/properties/yellow-gate-residence/ygr10.jpg"",""https://hgvmdoevulnsfenaynow.supabase.co/storage/v1/object/public/properties/yellow-gate-residence/ygr11.jpg"",""https://hgvmdoevulnsfenaynow.supabase.co/storage/v1/object/public/properties/yellow-gate-residence/ygr12.jpg"",""https://hgvmdoevulnsfenaynow.supabase.co/storage/v1/object/public/properties/yellow-gate-residence/ygr13.jpg""]","4 Bedroom Terrace Duplex in Lekki Phase 1","₦ 18, 000, 000","Lekki Phase 1",\N,\N,"[""Long-term residence for small families"",""Shared apartment for roommates"",""Starter home for new families"",""Rental investment property"",""Home office setup"",""Airbnb for families or small groups""]","[""agency: 10%"",""legal: 10%"",""caution: 10%"",""service charge: 2.4m"",""3 bedroom luxury flats"",""electricity 24/7""]","4","4",\N
"A101","afl","rent","[""https://hgvmdoevulnsfenaynow.supabase.co/storage/v1/object/public/properties/oniru/oniru1.jpg"",""https://hgvmdoevulnsfenaynow.supabase.co/storage/v1/object/public/properties/oniru/oniru2.jpg"",""https://hgvmdoevulnsfenaynow.supabase.co/storage/v1/object/public/properties/oniru/oniru3.jpg"",""https://hgvmdoevulnsfenaynow.supabase.co/storage/v1/object/public/properties/oniru/oniru4.jpg"",""https://hgvmdoevulnsfenaynow.supabase.co/storage/v1/object/public/properties/oniru/oniru5.jpg"",""https://hgvmdoevulnsfenaynow.supabase.co/storage/v1/object/public/properties/oniru/oniru6.jpg"",""https://hgvmdoevulnsfenaynow.supabase.co/storage/v1/object/public/properties/oniru/oniru7.jpg""]","Luxury 2 Bedroom Apartment with BQ at Oniru","₦ 13, 000, 000","Oniru Lekki Phase 1",\N,\N,"[""Long-term residence for small families"",""Shared apartment for roommates"",""Starter home for new families"",""Rental investment property"",""Home office setup"",""Airbnb for families or small groups""]","[""fitted kitchen"",""airconditioners"",""swimming pool"",""2 units of 50kg cooking gas cylinders"",""laundary room"",""ample parking"",""agency: 10%"",""legal: 10%"",""service charge: 3.5m""]","2","2",\N
"A102","lfl","rent","[""https://hgvmdoevulnsfenaynow.supabase.co/storage/v1/object/public/properties/ligali.mp4""]","5,000 sqm land for lease at victoria island","₦ 250, 000, 000","Off Ligali Ayorinde Victoria Island","6000","sqm","[""logistics hub"",""event center"",""shopping complex"",""residential estate"",""school or training institute"",""industrial warehouse"",""manufacturing plant"",""hotel or resort development"",""fuel station with retail"",""build-to-rent apartments"",""sports or recreational facility"",""medical or diagnostic center"",""religious center"",""mixed-use development""]","[""not for night club"",""fully fenced and gated land"",""Tenure: 5 years""]",\N,\N,"[""Fenced and Gated Land measuring 5,000sqm and Additional 1,000sqm Setback""]"
"A102","lfl","rent","[""https://hgvmdoevulnsfenaynow.supabase.co/storage/v1/object/public/properties/off-ligali.mp4""]","2000 SQM Land for Lease at Victoria Island","₦ 130, 000, 000","Off Ligali Ayorinde Victoria Island","2000","sqm","[""logistics hub"",""event center"",""shopping complex"",""residential estate"",""school or training institute"",""industrial warehouse"",""manufacturing plant"",""hotel or resort development"",""fuel station with retail"",""build-to-rent apartments"",""sports or recreational facility"",""medical or diagnostic center"",""religious center"",""mixed-use development""]","[""Agency: 10%"",""Legal: 10%"",""Tenure: 5 years""]",\N,\N,"[""Fenced and gated land measuring 2000sqm""]"
\N,"ls","rent","[""https://hgvmdoevulnsfenaynow.supabase.co/storage/v1/object/public/properties/det/det-vi5.mp4"",""https://hgvmdoevulnsfenaynow.supabase.co/storage/v1/object/public/properties/det/det-vi1.jpg"",""https://hgvmdoevulnsfenaynow.supabase.co/storage/v1/object/public/properties/det/det-vi2.jpg"",""https://hgvmdoevulnsfenaynow.supabase.co/storage/v1/object/public/properties/det/det-vi3.jpg"",""https://hgvmdoevulnsfenaynow.supabase.co/storage/v1/object/public/properties/det/det-vi4.jpg""]","4 Bedroom Detached Commericial Property at Victoria Island","₦ 45, 000, 000","Victoria Island","450","sqm","[""Starter home for singles or young couples"",""Bachelor pad"",""Temporary accommodation"",""Short-term rental like Airbnb"",""Staff quarters"",""Guest house""]","[""Agency: 10%"",""Legal: 10%"",""Tenure: 2 years""]",\N,\N,"[""A fully detached 4 bedroom with 1 room BQ in sitting on 450sqm of land""]"
"A102","cfl","rent","[""https://hgvmdoevulnsfenaynow.supabase.co/storage/v1/object/public/properties/det/det-vi7.jpg""]","commercial property sitting on 1000 sqm at victoria island","₦ 75, 000, 000","Victoria Island","1000","sqm","[""mixed-used development"",""Office space"",""Temporary accommodation"",""Guest house""]","[""agency: 10%"",""legal: 10%"",""Tenure: 2""]",\N,\N,"[""A 2 Unit Semi-Detached 4 Bedroom with 1 Room BQ Sitting on Over 1000 SQM OF land (front and back)""]"
"A105","cfl","rent","[""https://hgvmdoevulnsfenaynow.supabase.co/storage/v1/object/public/properties/tankfarm.jpg""]","Tank Farm for Lease or Through put","Contact us","",\N,\N,\N,\N,\N,\N,\N
"A106","cfl","rent","[""https://hgvmdoevulnsfenaynow.supabase.co/storage/v1/object/public/properties/corporate/coporate1.jpg"",""https://hgvmdoevulnsfenaynow.supabase.co/storage/v1/object/public/properties/corporate/coporate2.jpg"",""https://hgvmdoevulnsfenaynow.supabase.co/storage/v1/object/public/properties/corporate/coporate3.jpg"",""https://hgvmdoevulnsfenaynow.supabase.co/storage/v1/object/public/properties/corporate/coporate4.jpg"",""https://hgvmdoevulnsfenaynow.supabase.co/storage/v1/object/public/properties/corporate/coporate5.jpg"",""https://hgvmdoevulnsfenaynow.supabase.co/storage/v1/object/public/properties/corporate/coporate6.jpg"",""https://hgvmdoevulnsfenaynow.supabase.co/storage/v1/object/public/properties/corporate/coporate7.jpg"",""https://hgvmdoevulnsfenaynow.supabase.co/storage/v1/object/public/properties/corporate/coporate8.jpg"",""https://hgvmdoevulnsfenaynow.supabase.co/storage/v1/object/public/properties/corporate/coporate9.jpg"",""https://hgvmdoevulnsfenaynow.supabase.co/storage/v1/object/public/properties/corporate/coporate10.jpg""]","Corporate Office for Rent at Lekki Phase 1","₦ 45, 000, 000","Lekki Phase 1","1000","sqm","[""Office space""]","[""agency: 10%"",""legal: 10%"",""caution: TBD"",""price: 45, 000, 000 per annum"",""amenities: private security, generator, ample parking space, self compound, office equipments and furnishing, air conditioners""]",\N,\N,\N
"A111","afl","rent","[""https://hgvmdoevulnsfenaynow.supabase.co/storage/v1/object/public/properties/old-ikoyi/old1.jpg"",""https://hgvmdoevulnsfenaynow.supabase.co/storage/v1/object/public/properties/old-ikoyi/old2.jpg"",""https://hgvmdoevulnsfenaynow.supabase.co/storage/v1/object/public/properties/old-ikoyi/old3.jpg"",""https://hgvmdoevulnsfenaynow.supabase.co/storage/v1/object/public/properties/old-ikoyi/old4.jpg"",""https://hgvmdoevulnsfenaynow.supabase.co/storage/v1/object/public/properties/old-ikoyi/old5.jpg"",""https://hgvmdoevulnsfenaynow.supabase.co/storage/v1/object/public/properties/old-ikoyi/old6.jpg"",""https://hgvmdoevulnsfenaynow.supabase.co/storage/v1/object/public/properties/old-ikoyi/old7.jpg"",""https://hgvmdoevulnsfenaynow.supabase.co/storage/v1/object/public/properties/old-ikoyi/old8.jpg""]","2 unit 2 bedroom flat with bq at old ikoyi Lagos","₦ 20, 000, 000","ikoyi Lagos",\N,\N,"[""Starter home for singles or young couples"",""Bachelor pad"",""Temporary accommodation"",""Short-term rental like Airbnb"",""Staff quarters"",""Guest house""]","[""agency: 10%"",""legal: 10%"",""caution: 10%"",""service charge: N7,500,000 with disel inclusive but excl. EKEDC"",""fitted kitchen"",""ACs"",""GYM"",""swimming pool"",""car park space"",""1 room bq""]","2","2",\N
"A111","afl","rent","[""https://hgvmdoevulnsfenaynow.supabase.co/storage/v1/object/public/properties/old-ikoyi/old1.jpg"",""https://hgvmdoevulnsfenaynow.supabase.co/storage/v1/object/public/properties/old-ikoyi/old2.jpg"",""https://hgvmdoevulnsfenaynow.supabase.co/storage/v1/object/public/properties/old-ikoyi/old3.jpg"",""https://hgvmdoevulnsfenaynow.supabase.co/storage/v1/object/public/properties/old-ikoyi/old4.jpg"",""https://hgvmdoevulnsfenaynow.supabase.co/storage/v1/object/public/properties/old-ikoyi/old5.jpg"",""https://hgvmdoevulnsfenaynow.supabase.co/storage/v1/object/public/properties/old-ikoyi/old6.jpg"",""https://hgvmdoevulnsfenaynow.supabase.co/storage/v1/object/public/properties/old-ikoyi/old7.jpg"",""https://hgvmdoevulnsfenaynow.supabase.co/storage/v1/object/public/properties/old-ikoyi/old8.jpg""]","4 bedroom flat penthouse + study & bq at old ikoyi Lagos","₦ 30, 000, 000","ikoyi Lagos",\N,\N,"[""Starter home for singles or young couples"",""Bachelor pad"",""Temporary accommodation"",""Short-term rental like Airbnb"",""Staff quarters"",""Guest house""]","[""agency: 10%"",""legal: 10%"",""caution: 10%"",""service charge: N8,500,000 with disel inclusive"",""fitted kitchen"",""ACs"",""GYM"",""swimming pool"",""car park space"",""1 room bq""]","4","4",\N
"A111","hfl","rent","[""https://hgvmdoevulnsfenaynow.supabase.co/storage/v1/object/public/properties/dideolu.mp4""]","4 bedroom semi-detached + bq at dideolu estate vi Lagos","₦ 33, 000, 000","victoria island Lagos",\N,\N,"[""Starter home for singles or young couples"",""Bachelor pad"",""Temporary accommodation"",""Short-term rental like Airbnb"",""Staff quarters"",""Guest house""]","[""agency: 10%"",""legal: 10%"",""caution: 10%""]","4","4","[""furnished 4 bedroom well maintained self-serviced semi-detached house and bq with its own compound in Dideolu estate, VI""]"
"A111","hfl","rent","[""https://hgvmdoevulnsfenaynow.supabase.co/storage/v1/object/public/properties/admiralty.mp4""]","3 bedroom furnished apartment at lekki phase 1 lagos","₦ 25, 000, 000","off admiralty way lekki phase 1 Lagos",\N,\N,"[""Starter home for singles or young couples"",""Bachelor pad"",""Temporary accommodation"",""Short-term rental like Airbnb"",""Staff quarters"",""Guest house""]","[""agency: 10%"",""legal: 10%"",""caution: 10%"",""WIFI"",""DSTV"",""CCTV"",""24/7 electricity"",""24/7 security"",""laundary"",""treated water"",""serene environment""]","3","3","[""fully furnished 3 bedroom apartment with swimming pool. off admiralty way lekki phase 1""]"
"A111","cfl","rent","[""https://hgvmdoevulnsfenaynow.supabase.co/storage/v1/object/public/properties/idejo/idejo1.jpg"",""https://hgvmdoevulnsfenaynow.supabase.co/storage/v1/object/public/properties/idejo/idejo2.jpg"",""https://hgvmdoevulnsfenaynow.supabase.co/storage/v1/object/public/properties/idejo/idejo3.jpg"",""https://hgvmdoevulnsfenaynow.supabase.co/storage/v1/object/public/properties/idejo/idejo4.jpg"",""https://hgvmdoevulnsfenaynow.supabase.co/storage/v1/object/public/properties/idejo/idejo5.jpg"",""https://hgvmdoevulnsfenaynow.supabase.co/storage/v1/object/public/properties/idejo/idejo6.jpg"",""https://hgvmdoevulnsfenaynow.supabase.co/storage/v1/object/public/properties/idejo/idejo7.jpg""]","commercial 6 bedroom semi-detached at vi","₦ 60, 000, 000","Victoria Island Lagos",\N,\N,"[""Boutique hotel or guesthouse"",""Short-let apartments (e.g., Airbnb)"",""Office space for startups or freelancers"",""Private clinic or medical center"",""Law firm or consulting office"",""Event rental space"",""Co-working or shared office hub"",""Spa or wellness center"",""Restaurant with themed rooms"",""Beauty salon or grooming lounge"",""Training or tutoring center"",""Private school or daycare"",""NGO or charity headquarters"",""Art gallery or creative studio"",""Tech or media production house""]","[""agency: 10%"",""legal: 10%"",""Tenure: 2 years""]","6","","[""a spacious 6 bedroom detached house for commericial purpose for rent at Idejo, Victoria Island""]"
"A111","afl","rent","[""https://hgvmdoevulnsfenaynow.supabase.co/storage/v1/object/public/properties/exquisite/ex1.jpg"",""https://hgvmdoevulnsfenaynow.supabase.co/storage/v1/object/public/properties/exquisite/ex2.jpg"",""https://hgvmdoevulnsfenaynow.supabase.co/storage/v1/object/public/properties/exquisite/ex3.jpg"",""https://hgvmdoevulnsfenaynow.supabase.co/storage/v1/object/public/properties/exquisite/ex4.jpg"",""https://hgvmdoevulnsfenaynow.supabase.co/storage/v1/object/public/properties/exquisite/ex5.jpg"",""https://hgvmdoevulnsfenaynow.supabase.co/storage/v1/object/public/properties/exquisite/ex6.jpg"",""https://hgvmdoevulnsfenaynow.supabase.co/storage/v1/object/public/properties/exquisite/ex7.jpg""]","furnished 4 bedroom flat at oniru lagos","₦ 20, 000, 000"," Oniru Victoria Island Lagos",\N,\N,"[""Starter home for singles or young couples"",""Bachelor pad"",""Temporary accommodation"",""Short-term rental like Airbnb"",""Staff quarters"",""Guest house""]","[""agency: 10%"",""legal: 10%"",""caution: 1m"",""service charge: N 320,000 including disel, security, generator maintenance, water, waste disposal"",""swimming pool"",""GYM"",""24/7 electricity""]","4","4","[""exquisitely fully furnished 4 bedroom flat for rent with swimming pool, gym and 24 hours power at Oniru""]"
"A111","afl","rent","[""https://hgvmdoevulnsfenaynow.supabase.co/storage/v1/object/public/properties/exquisite2.mp4""]","furnished 3 bedroom flat at oniru lagos","₦ 18, 000, 000"," Oniru Victoria Island Lagos",\N,\N,"[""Starter home for singles or young couples"",""Bachelor pad"",""Temporary accommodation"",""Short-term rental like Airbnb"",""Staff quarters"",""Guest house""]","[""agency: 10%"",""legal: 10%"",""caution: 10%"",""service charge: N 1.6m"",""swimming pool"",""GYM"",""24/7 electricity""]","3","3","[""fully furnished 3 bedroom apartment with swimming pool, gym, natural green environment and 24 hours electricity""]"
"A111","afl","rent","[""https://hgvmdoevulnsfenaynow.supabase.co/storage/v1/object/public/properties/exq3.mp4""]","furnished 3 bedroom flat at vi lagos","₦ 28, 000, 000","Victoria Island Lagos",\N,\N,"[""Starter home for singles or young couples"",""Bachelor pad"",""Temporary accommodation"",""Short-term rental like Airbnb"",""Staff quarters"",""Guest house""]","[""agency: 10%"",""legal: 10%"",""caution: N 2m"",""service charge: N 1.6m"",""swimming pool"",""GYM"",""24/7 electricity""]","3","3","[""fully furnished 3 bedroom apartment with swimming pool, gym, and 24 hours electricity""]"
"A111",\N,"afl","[""/communal.mp4""]","furnished 3 bedroom flat at vi oniru lagos","₦ 30, 000, 000","Victoria Island Lagos",\N,\N,"[""Starter home for singles or young couples"",""Bachelor pad"",""Temporary accommodation"",""Short-term rental like Airbnb"",""Staff quarters"",""Guest house""]","[""agency: 10%"",""legal: 5%"",""caution: N 1.5m"",""service charge: N 1.2m"",""swimming pool"",""GYM"",""24/7 electricity"",""elevator""]","3","3","[""fully furnished 3 bedroom apartment with swimming pool, communal gym house, elevator and 24 hours electricity""]"
"A111",\N,"hfl","[""/agbaje.mp4""]","4 bedroom town house + bq, off adeola odeku street, vi lagos","30,000,000","newly built 4 bedroom townhouse with bq, swimming pool, gym, central generator on Ologun Agbaje street, off Adeola Odeku, VI",\N,\N,"[""Private residence"",""Guesthouse"",""Starter home for singles or young couples"",""Bachelor pad"",""Temporary accommodation"",""Short-term rental like Airbnb"",""Staff quarters""]","[""agency: 10%"",""legal: 10%"",""tenure: 2 years"",""GYM"",""swimming pool"",""central generator"",""1bq""]","4","4",\N
"A111",\N,"afl","[""/victoria.jpg""]","12 units 3 bedroom apartment + bq at vi lagos","13,000,000 per flat","Victoria Island","12","unit","[""Private residence"",""Guesthouse"",""Starter home for singles or young couples"",""Bachelor pad"",""Temporary accommodation"",""Short-term rental like Airbnb"",""Staff quarters""]","[""agency: 10%"",""legal: 10%"",""caution: 10%"",""tenure: 5 years with 3 years minimum upfront""]",\N,\N,"[""Tastefully built self-serviced units of 3 bedroom apartment with personal rooms bq each in a serene enviroment in VI Lagos. A single tenant to take all units""]"
"A111",\N,"afl","[""/ever.mp4""]","furnished 3 bedroom apartment + bq at lekki phase 1 lagos","25,000,000","Lekki Phase 1",\N,\N,"[""Private residence"",""Guesthouse"",""Starter home for singles or young couples"",""Bachelor pad"",""Temporary accommodation"",""Short-term rental like Airbnb"",""Staff quarters""]","[""agency: 10%"",""legal: 10%"",""caution: 10%"",""service charge: 2 million""]","3","3","[""furnished 3 bedroom flat with bq in Lekki Phase 1 off Admiralty way close to Ever Care hospital.""]"
"A111",\N,"cfl","[""/compound.mp4""]","6 bedroom commericial property sitting on 1500 sqm in vi, lagos","60,000,000","Victoria Island, Lagos",\N,\N,"[""Private residence"",""Guesthouse"",""Starter home for singles or young couples"",""Bachelor pad"",""Temporary accommodation"",""Short-term rental like Airbnb"",""Staff quarters""]","[""agency: 10%"",""legal: 10%""]","6","6","[""6 bedroom house with a 3 bedroom bungalow together in the same compound sitting on 1,500 off Akin Adesola VI""]"
"A113",\N,"lfl","[""/car-lot.mp4""]","2,200 sqm car lot space for lease","88,000,000","Lekki Lagos","2,200","sqm","[""Private residence"",""Office building"",""Boutique"",""Guesthouse"",""block of flats"",""hotel""]","[""agency: 10%"",""legal: 10%"",""tenure: 3 years""]",\N,\N,"[""2,200 sqm car lot space for lease right beside the QMB Mart facing Lekki Express way, Lekki Lagos""]"
"A115",\N,"hfl","[""/high-rise.mp4""]","8 bedroom detached house + 4 bq at bishop oluwole st, vi Lagos","65,000,000","Victoria Island Lagos",\N,\N,"[""Private residence"",""Guesthouse"",""Starter home for singles or young couples"",""Bachelor pad"",""Temporary accommodation"",""Short-term rental like Airbnb""]","[""tenure: 5 years"",""agency: 10%"",""legal: 10%""]","8","8","[""Located on prestigious Bishop Oluwole street, Victoria Island, this well renowned 8 bedroom detached house offers ample space and versatility. "",""This property is perfect for high-end residential living or a corporate head office in a prime Victoria Island location.""]"
"A115",\N,"cfl","[""/high-rise.mp4""]","8 bedroom detached house + 4 bq at bishop oluwole st, vi Lagos","65,000,000","Victoria Island Lagos",\N,\N,"[""Private residence"",""Guesthouse"",""Starter home for singles or young couples"",""Bachelor pad"",""Temporary accommodation"",""Short-term rental like Airbnb""]","[""tenure: 5 years"",""agency: 10%"",""legal: 10%s""]","8","8","[""Located on prestigious Bishop Oluwole street, Victoria Island, this well renowned 8 bedroom detached house offers ample space and versatility. "",""This property is perfect for high-end residential living or a corporate head office in a prime Victoria Island location.""]"
"A111",\N,"cfl","[""/district.mp4""]","commerical 5 bedroom detached house + 2 bq off adeola odeku st, vi Lagos","85,000,000","Victoria Island Lagos",\N,\N,"[""Private residence"",""Guesthouse"",""Starter home for singles or young couples"",""Bachelor pad"",""Temporary accommodation"",""Short-term rental like Airbnb""]","[""tenure: 5 years"",""agency: 10%"",""legal: 10%s""]","5","5","[""Massive 5 bedroom detached hosue + 2 rooms BQ sitting on 1,200 sqm of land. This spacious property offers exceptional potential for commerical use in one of Victoria Island most strategic locations."",""A rare opportunity to secure a sizable commerical space in the heart of lagos business and lifestyle district. "",""Note: property requires renovation""]"
"A111",\N,"cfl","[""/prime.mp4""]","prime commercial space at adeola odeku st, vi Lagos","110,000,000","Adeola Odeku, Victoria Island Lagos","1,600","sqm","[""supermarket"",""club"",""lounge"",""event center"",""high-traffic commericial ventures""]","[""tenure: 5 years"",""agency: 10%"",""legal: 5%"",""spacious layout"",""swimming pool"",""ample parking space""]",\N,\N,"[""A massive purpose-built commericial property formerly used as a supermarket, strategically located at the prestigious Adeola Odeku, Victoria Island""]"
"A102",\N,"cfl","[""/banana.mp4""]","prime 1,068 sqm plot in banana island ikoyi","60,000,000","Banana Island, Ikoyi Lagos","1,068","sqm","[""supermarket"",""club"",""lounge"",""event center"",""high-traffic commericial ventures""]","[""tenure: 5 years"",""agency: 10%"",""legal: 10%""]",\N,\N,"[""Fenced, gated and Strategically located"",""An exceptional opportunity to lease a secure, mixed-use plot in the prestigious Banana island estate. Perfect for use as a car park, storage facility, or other approved temporary structure"",""Located within a highly secure and upscale enviroment in Ikoyi. This plot offers exclusivity and covenience in one of Lagos most desirabe address"",""Use: Approved for temporary structure (car park, storage, etc)""]"
"A115",\N,"hfl","[""/southwest.mp4""]","fully furnished 8 bedroom detached house for lease at southwest ikoyi","Contact us","Southwest Ikoyi, Lagos",\N,\N,"[""Private residence"",""Guesthouse"",""Starter home for singles or young couples"",""Bachelor pad"",""Temporary accommodation"",""Short-term rental like Airbnb"",""hotel"",""boutique""]","[""caution: 5%"",""agency: 10%"",""legal: 10%"",""6 furnished suites + reception & living room"",""swimming pool with sit-out"",""parking for 8 cars"",""100 KVA generator + inveerter"",""24/7 security & housekeeping"",""option chef"",""Wi-Fi"",""smeg appliances"",""en-suite baths""]","8","8","[""A newly built fully serviced 8 bedroom detached house on 750 Sqm, ideal for residential or commercial use (perfect for boutique hotel or guest house)"",""Located in prime southwest Ikoyi. Schedule a viewing to lease this standout property today.""]"
"X102",\N,"hfl","[""/greenwich/greenwich1.jpg"",""/greenwich/greenwich2.jpg"",""/greenwich/greenwich3.jpg"",""/greenwich/greenwich4.jpg"",""/greenwich/greenwich5.jpg"",""/greenwich/greenwich6.jpg""]","Newly built 4-bedroom terrace duplex + bq in greenwich estate, ketu","7,000,000","Greenwich estae, Ketu Lagos",\N,\N,"[""Private residence"",""Guesthouse"",""Starter home for singles or young couples"",""Bachelor pad"",""Temporary accommodation"",""Short-term rental like Airbnb"",""hotel""]","[""agency: 10%"",""legal: 10%"",""service charge: N280,000 per annum"",""all rooms en-suite with wardrobe"",""large master bedroom"",""fully furnished kitchen with pantry"",""personal prepaid meter"",""ample parking space"",""well organized and secure estate""]","4","4","[""Spacious and well funished 4-bedroom terrace duplex with one room maid's quarter, located in the serene and secure Greenwich Estate, off Davies street, Kosofe Ketu Lagos""]"
"A108",\N,"joint-ventures","[""https://hgvmdoevulnsfenaynow.supabase.co/storage/v1/object/public/properties/land3.jpg""]","1,500 SQM Joint Ventures at Jakande 1st Gate, Lekki Lagos","₦ 200, 000, 000","Jakande, Lekki Lagos","1500","sqm","[""Private residence"",""Office building"",""Boutique"",""Guesthouse"",""Small hospital"",""Religious center"",""Supermarket"",""Mixed-use building""]","[""title: C of O""]",\N,\N,\N
"A106",\N,"joint-ventures","[""https://hgvmdoevulnsfenaynow.supabase.co/storage/v1/object/public/properties/land1.jpg""]","1,200 SQM Joint Ventures at Ikate, Lekki Lagos","Contact us","Ikate, Lekki Lagos","1242","sqm","[""apartments""]","[""title: Deed of Assignment"",""premium: nill"",""proposal: apartments""]",\N,\N,\N
"A108",\N,"joint-ventures","[""https://hgvmdoevulnsfenaynow.supabase.co/storage/v1/object/public/properties/land2.jpg""]","20,000 SQM Joint Ventures at Ausstri Island, Lekki Phase 1 Lagos","Contact us","Lekki Phase 1 Lagos","20,000","sqm","[""Private residence"",""Office building"",""Boutique"",""Guesthouse"",""Small hospital"",""Religious center"",""Supermarket"",""Mixed-use building""]","[""title: C of O"",""premium: nill"",""proposal: open""]",\N,\N,\N
"A110",\N,"joint-ventures","[""https://hgvmdoevulnsfenaynow.supabase.co/storage/v1/object/public/properties/land4.jpg""]","3,000 SQM Joint Ventures at eko atlantic vi, Lagos","Contact us","Victoria Island Lagos","3,000","sqm","[""Private residence"",""Office building"",""Boutique"",""Guesthouse"",""Small hospital"",""Religious center"",""Supermarket"",""Mixed-use building""]","[""title: C of O"",""premium: nill"",""proposal: open""]",\N,\N,\N
"X103",\N,"joint-ventures","[""https://hgvmdoevulnsfenaynow.supabase.co/storage/v1/object/public/properties/land1.jpg""]","6,292 SQM Joint Ventures at eko atlantic vi, Lagos","Contact us","Victoria Island Lagos","6,292","sqm","[""Private residence"",""Office building"",""Boutique"",""Guesthouse"",""Small hospital"",""Religious center"",""Supermarket"",""Mixed-use building""]","[""title: C of O"",""premium: nill"",""proposal: open""]",\N,\N,\N
"A110",\N,"joint-ventures","[""https://hgvmdoevulnsfenaynow.supabase.co/storage/v1/object/public/properties/city.jpg""]","5,000 SQM Joint Ventures Ligali Ayorinde vi, Lagos","Contact us","Victoria Island Lagos","5,146","sqm","[""office suites"",""retail outlet"",""mixed-use development""]","[""title: C of O"",""premium: nill"",""proposal: mixed developement, high rise(10 floors)""]",\N,\N,\N
"B101",\N,"joint-ventures","[""https://hgvmdoevulnsfenaynow.supabase.co/storage/v1/object/public/properties/land1.jpg""]","650 SQM Joint Ventures at orange island lekki phase 1, lagos","Contact us","Lekki Phase 1, Lagos","650","sqm","[""Private residence"",""Office building"",""Boutique"",""Guesthouse"",""Small hospital"",""Religious center"",""Supermarket"",""Mixed-use building""]","[""title: Governor's Consent"",""premium: nill"",""proposal: mixed developement, high rise(10 floors)""]",\N,\N,\N
"A106",\N,"joint-ventures","[""https://hgvmdoevulnsfenaynow.supabase.co/storage/v1/object/public/properties/city.jpg""]","2,700 SQM Joint Ventures at ikoyi, lagos","Contact us","Awolowo Road Ikoyi, Lagos","2,700","sqm","[""office suites"",""retail outlet"",""mixed-use development""]","[""title: Governor's Consent"",""premium: nill"",""proposal: mixed developement, 10 floors""]",\N,\N,\N
"A106",\N,"joint-ventures","[""https://hgvmdoevulnsfenaynow.supabase.co/storage/v1/object/public/properties/land2.jpg""]","1,187 SQM Joint Ventures at lekki ajah, lagos","Contact us","Lekki Ajah, Lagos","2,700","sqm","[""office suites"",""retail outlet"",""mixed-use development""]","[""title: Governor's Consent"",""premium: nill"",""proposal: apartments""]",\N,\N,"[""1,187 sqn at Atlantic Nominee Estate, by General Paint, Lekki Ajah.""]"
"B101",\N,"joint-ventures","[""https://hgvmdoevulnsfenaynow.supabase.co/storage/v1/object/public/properties/land3.jpg""]","173 sqm bot joint venture at lagos island, lagos","3, 000, 000","Isale Agbede str, Lagos Island, Lagos","2,700","sqm","[""office suites"",""retail outlet"",""mixed-use development""]","[""title: Deeds of Assignment"",""premium: N 3, 000, 000"",""tenure: 18 years""]",\N,\N,\N
"A106",\N,"joint-ventures","[""https://hgvmdoevulnsfenaynow.supabase.co/storage/v1/object/public/properties/city.jpg""]","3,800 SQM Joint Ventures at anthony maryland, lagos","Contact us","Lekki Ajah, Lagos","3,800","sqm","[""office suites"",""retail outlet"",""mixed-use development""]","[""title: C of O"",""premium: nill"",""proposal: commercial developments""]",\N,\N,\N
"A106",\N,"joint-ventures","[""https://hgvmdoevulnsfenaynow.supabase.co/storage/v1/object/public/properties/land4.jpg""]","5,433 SQM Joint Ventures at Eko Atlantic vi, lagos","Contact us","Victoria Island, Lagos","5,433","sqm","[""office suites"",""retail outlet"",""mixed-use development""]","[""title: Governor's Consent"",""premium: nill"",""proposal: mixed development high rise""]",\N,\N,"[""5,433 sqm mixed development property at Eko Atlantic City, Victoria Island Lagos""]"
"A106",\N,"joint-ventures","[""https://hgvmdoevulnsfenaynow.supabase.co/storage/v1/object/public/properties/land1.jpg""]","1,600 SQM Joint Ventures at orchid road lekki, lagos","Contact us","Orchid Road, Lekki Lagos","1,600","sqm","[""office suites"",""retail outlet"",""mixed-use development""]","[""title: Governor's Consent"",""premium: nill"",""proposal: open""]",\N,\N,"[""1,600 SQM at Off Orchid road not far from BuenaVista""]"
"B101",\N,"off-plan","[""https://hgvmdoevulnsfenaynow.supabase.co/storage/v1/object/public/properties/offplan/offplan1.jpg"",""https://hgvmdoevulnsfenaynow.supabase.co/storage/v1/object/public/properties/offplan/offplan2.jpg"",""https://hgvmdoevulnsfenaynow.supabase.co/storage/v1/object/public/properties/offplan/offplan3.jpg"",""https://hgvmdoevulnsfenaynow.supabase.co/storage/v1/object/public/properties/offplan/offplan4.jpg"",""https://hgvmdoevulnsfenaynow.supabase.co/storage/v1/object/public/properties/offplan/offplan5.jpg"",""https://hgvmdoevulnsfenaynow.supabase.co/storage/v1/object/public/properties/offplan/offplan6.jpg""]","3 bedroom terrace + bq at mende maryland, lagos","280,000,000","Mende Maryland",\N,\N,"[""Private residence"",""Guesthouse"",""Starter home for singles or young couples"",""Bachelor pad"",""Temporary accommodation"",""Short-term rental like Airbnb"",""Staff quarters""]","[""title: deeds of Assignment""]","3","3","[""Secure a modern 3 bedroom terrace with BQ in a prime, serene location. Flexible payment plans available. High ROI on completion""]"
"A116",\N,"off-plan","[""https://hgvmdoevulnsfenaynow.supabase.co/storage/v1/object/public/properties/lakowe1.mp4"",""https://hgvmdoevulnsfenaynow.supabase.co/storage/v1/object/public/properties/lakowe2.jpg""]","Aster 18 - off-Plan 3-Bedroom terrace with bq","80,000,000","Elemoro, Ibeju Lekki",\N,\N,"[""Private residence"",""Guesthouse"",""Starter home for singles or young couples"",""Bachelor pad"",""Temporary accommodation"",""Short-term rental like Airbnb"",""Staff quarters""]","[""two solar panels per unit"",""central water treatment"",""24/7 security"",""children's play area"",""constant electricity supply""]","3","3","[""Following the success of our Sangotedo project, we present ASTER 18 units of well-designed 3-bedroom terrace duplexes with BQ, built to high standards and timely delivery"",""Location: Behind Area J Police Command, Elemoro, Ibeju Lekki"",""Price: Corner Unit (Outright - 6 nibtgs): N80,000,000. 12 - 24 months payment plan available. initial deposit: N5,000,000"",""Landmarks Nearby: Lakowe Golf Resolt, Omu Resort, New lagos International Airport, Lagos-Calabar costal road - all within 10 minutes"",""Owning a quality home in a fast-growing location with flexible payment options""]"
